project-management,"21"
unit-testing,"4"
performance,"4"
requirements,"435"
agile,"25"
api,"1"
functional-requirements,"9"
development-process,"12"
user-story,"20"
technical-debt,"1"
product-backlog,"1"
non-functional,"4"
inheritance,"1"
use-case,"23"
scrum,"11"
software,"6"
requirements-management,"7"
jira,"3"
user-experience,"6"
prototyping,"2"
product-owner,"2"
sdlc,"1"
uml,"20"
diagrams,"4"
metrics,"3"
measurement,"2"
web-applications,"3"
mobile,"1"
specifications,"31"
users,"2"
system,"9"
modeling,"4"
flowchart,"1"
data,"1"
functional-programming,"1"
source-code,"2"
declarative-programming,"1"
release,"1"
iterative-development,"1"
batch,"1"
business,"5"
client-relations,"7"
systems-analysis,"17"
usability,"2"
animation,"1"
documentation,"10"
engineering,"6"
iso,"2"
domain-model,"2"
large-scale-scrum,"1"
customer-relations,"5"
tests,"1"
bdd,"4"
interfaces,"1"
implementations,"2"
design,"32"
domain-driven-design,"2"
project,"1"
object-oriented-design,"4"
tdd,"1"
quality-attributes,"6"
programming-practices,"4"
rewrite,"2"
quality,"3"
startup,"2"
legacy-code,"2"
acceptance-testing,"5"
migration,"1"
test-scenarios,"1"
api-design,"1"
kanban,"2"
data-structures,"1"
networking,"1"
web-services,"1"
latency,"1"
ethics,"1"
architecture,"6"
development-methodologies,"2"
books,"1"
ocl,"1"
comments,"1"
management,"4"
communication,"2"
gui,"1"
planning,"3"
project-planning,"3"
configuration,"1"
code-complete,"1"
government,"1"
estimation,"1"
methodology,"4"
qa,"1"
validation,"5"
automation,"1"
business-process,"1"
maintenance,"1"
c++,"8"
freelancing,"3"
contract,"1"
teamwork,"5"
business-logic,"2"
pair-programming,"1"
security,"3"
login,"1"
theory,"1"
standards,"1"
rational-unified-process,"2"
feature-requests,"1"
testing,"13"
ui,"1"
microservices,"1"
furps+,"2"
annotations,"1"
embedded-systems,"1"
decisions,"2"
iphone,"7"
frameworks,"2"
ios,"6"
haskell,"1"
logic,"1"
formal-methods,"1"
outsourcing,"2"
gui-design,"1"
terminology,"2"
functions,"1"
features,"1"
coding-style,"1"
team-foundation-server,"1"
natural-language-processing,"1"
hardware,"14"
lean,"1"
srs,"5"
change,"1"
web-development,"4"
browser-compatibility,"1"
finite-state-machine,"1"
wizard,"1"
code-quality,"1"
modelling,"1"
distributed-development,"1"
math,"1"
prediction,"1"
data-modeling,"1"
android,"9"
bug,"1"
verification,"2"
rules-and-constraints,"1"
project-structure,"1"
experience,"1"
collaboration,"2"
asp.net-mvc,"1"
sql-server,"1"
programming-languages,"1"
c,"4"
windows,"10"
waterfall,"2"
skills,"1"
technical-support,"1"
refactoring,"1"
application-design,"1"
learning,"1"
budget,"1"
licensing,"1"
client,"1"
wpf,"1"
cmmi,"1"
tools,"2"
statistics,"1"
workflows,"1"
productivity,"2"
modules,"1"
cucumber,"2"
marketing,"1"
wcf,"1"
deadlines,"1"
case-tools,"1"
organization,"1"
changes,"1"
html5,"1"
silverlight,"1"
flash,"1"
issue-tracking,"1"
minimal-requirements,"1"
wiki,"2"
meetings,"1"
legacy,"1"
open-source,"1"
pricing,"1"
python,"13"
dependencies,"2"
python-import,"1"
amazon-sagemaker,"1"
amazon-web-services,"1"
pywin32,"1"
eb,"1"
python-3.x,"3"
babel,"1"
macos-mojave,"1"
odoo-12,"1"
man-in-the-middle,"1"
system-requirements,"8"
software-design,"3"
language-agnostic,"5"
stl,"1"
containers,"1"
c++-standard-library,"1"
c#,"9"
.net,"4"
c#-7.0,"1"
doxygen,"2"
configuration-management,"2"
ibm-doors,"3"
asp.net-core,"1"
policy,"1"
authorize-attribute,"1"
vim,"1"
business-application,"1"
google-app-engine,"2"
classification,"1"
use-case-diagram,"1"
google-cloud-platform,"1"
pip,"7"
php,"16"
pcntl,"1"
java,"16"
jar,"1"
resources,"2"
packaging,"1"
xcode,"3"
haptic-feedback,"1"
azure-devops,"3"
code-coverage,"1"
traceability,"5"
server,"3"
video-streaming,"2"
webrtc,"1"
voip,"1"
groovy,"1"
unique,"1"
sharepoint,"2"
tfs,"16"
compilation,"1"
rust,"1"
ooad,"1"
performance-testing,"1"
system-analysis,"2"
c++17,"1"
variant,"1"
indicator,"1"
proxy,"1"
conda,"1"
ssl,"2"
openssl,"1"
setup.py,"1"
ibm-rational,"1"
tree,"1"
workitem,"1"
swift,"1"
protocols,"1"
conflict,"1"
dependency-inversion,"1"
scikit-image,"1"
installation,"8"
drupal-8,"1"
flask,"2"
ibm-cloud,"1"
laravel,"2"
permissions,"2"
mongodb,"1"
mongodb-query,"1"
eclipse-che,"1"
install,"2"
packages,"1"
nltk,"1"
corpus,"1"
android-camera,"1"
arcore,"1"
vba,"1"
word-vba,"1"
scalable,"1"
extensible,"1"
django,"3"
python-2.7,"1"
composer-php,"2"
composer.json,"1"
opencv,"1"
freeze,"1"
anaconda,"1"
business-rules,"1"
user-stories,"12"
symfony,"10"
routes,"1"
signalr,"1"
summary,"1"
web,"1"
banking,"1"
evaluation,"2"
confluence,"1"
matlab,"1"
simulink,"1"
bizspark,"1"
database,"2"
database-design,"3"
analysis,"6"
powershell,"1"
teamcity,"1"
cordova,"2"
javascript,"5"
dom-events,"1"
event-propagation,"1"
event-capturing,"1"
software-quality,"2"
b-method,"1"
machine-learning,"1"
artificial-intelligence,"2"
safety-critical,"1"
controller,"1"
silverstripe,"1"
json,"2"
design-patterns,"1"
winapi,"1"
tfs-workitem,"3"
rhapsody,"2"
sysml,"2"
web-hosting,"1"
cloud-hosting,"1"
loadrunner,"1"
enterprise-architect,"3"
setuptools,"1"
encoder,"1"
djvu,"1"
wakanda,"1"
xml,"2"
xsd,"3"
binary,"2"
image-processing,"1"
ocr,"1"
forms,"1"
modal-dialog,"1"
radio-button,"1"
rest,"1"
manifest,"1"
get,"1"
query-string,"1"
libcurl,"1"
node.js,"2"
express,"2"
mean-stack,"1"
atomic,"1"
atomicity,"1"
convention,"1"
routing,"4"
default,"1"
phpunit,"1"
version,"2"
redmine,"1"
children,"1"
user-interface,"1"
arduino,"1"
servo,"1"
mysql,"3"
apache,"3"
symfony-2.8,"1"
laravel-5,"1"
kivy,"1"
buildozer,"1"
updates,"1"
angularjs,"3"
meteor,"2"
npm,"1"
peer,"1"
tfs2015,"1"
tfs-process-template,"1"
trac,"1"
browser,"2"
compatibility,"3"
rvm,"1"
ruby-on-rails,"4"
openstack,"1"
templates,"1"
ms-word,"3"
input,"1"
output,"1"
google-cardboard,"1"
virtual-reality,"1"
360-virtual-reality,"1"
django-registration,"1"
openshift,"1"
css,"2"
documents,"1"
push,"1"
long-polling,"1"
asp.net,"2"
svn,"1"
include,"2"
extend,"1"
extreme-programming,"2"
qt,"1"
roles,"1"
automated-tests,"1"
analyzer,"1"
alloy,"2"
compiled,"1"
enterprise,"1"
upgrade,"1"
homebrew,"1"
symbols,"1"
internal,"1"
dlopen,"1"
hosting,"2"
xna,"1"
monogame,"1"
token,"1"
privileges,"1"
backbone.js,"1"
tomcat,"1"
core-animation,"1"
interface,"2"
override,"1"
equals,"1"
macos,"3"
java-8,"1"
high-availability,"1"
concurrency,"1"
hp-quality-center,"2"
manual-testing,"1"
osx-lion,"1"
xcode4.5,"1"
variables,"1"
testcase,"1"
passwords,"3"
solr,"2"
visual-studio-2013,"1"
visual-studio-cordova,"1"
atdd,"3"
markdown,"1"
real-time,"1"
tfs2010,"4"
prestashop,"1"
prestashop-1.5,"1"
module,"1"
risk-management,"1"
msf,"1"
cakephp,"1"
virtualbox,"1"
sylius,"1"
jquery,"2"
currency,"1"
blackberry,"1"
authentication,"1"
b2b,"1"
abstract,"1"
loading,"1"
progress,"1"
deployment,"2"
salt-stack,"1"
scope,"3"
scope-creep,"2"
excel,"1"
export,"1"
spell-checking,"1"
gps,"1"
constraints,"2"
tracking,"3"
gsm,"1"
functional-testing,"1"
doctrine-orm,"1"
package,"1"
build-dependencies,"1"
catalog,"1"
string,"1"
boolean,"1"
chef,"1"
vagrant,"1"
scalability,"2"
administration,"1"
azure-sql-database,"1"
facebook,"1"
facebook-app-center,"1"
memory,"3"
ieee,"1"
integration,"1"
mks,"1"
mks-integrity,"1"
compiler-errors,"1"
email,"2"
firefox,"1"
internet-explorer-6,"1"
constructor,"1"
behavior,"1"
product-management,"2"
backlog,"1"
medical,"1"
symfony-2.3,"1"
redirect,"1"
action,"1"
installer,"1"
distribution,"1"
radio,"1"
bandwidth,"1"
podcast,"1"
dedicated-server,"1"
reflection,"1"
console,"1"
operating-system,"2"
visual-c++-2010,"1"
condition,"1"
edi,"1"
x12,"1"
process-management,"1"
twitter,"1"
http,"1"
webserver,"1"
object,"2"
orientation,"1"
position,"1"
servicestack,"1"
datacontractserializer,"1"
invariants,"1"
rpm,"1"
specfiles,"1"
objective-c,"2"
sharepoint-2010,"1"
opengl,"2"
opengl-3,"1"
version-control,"2"
change-management,"1"
mdbtools,"1"
oop,"1"
zend-framework,"2"
camera,"1"
plist,"1"
eclipse,"2"
report,"2"
installshield,"1"
linq,"1"
loops,"1"
parallel-processing,"1"
android-c2dm,"1"
backend,"1"
urbanairship.com,"1"
agile-project-management,"1"
embedded,"2"
build-automation,"1"
msdeploy,"1"
automated-deploy,"1"
app-store,"3"
formal-verification,"1"
vision,"1"
junit,"1"
nunit,"1"
scala,"1"
parameterization,"1"
integration-testing,"1"
visual-studio-2010,"2"
windows-xp,"1"
attributes,"1"
opengl-es,"1"
ios4,"2"
submit,"1"
game-center,"1"
hyperlink,"2"
wxwidgets,"1"
porting,"1"
capture,"1"
vsto,"1"
outlook-addin,"1"
windows-server-2008,"1"
appfabric,"1"
username,"1"
cardinality,"2"
size,"1"
null,"1"
storage,"1"
algorithm,"1"
scientific-computing,"1"
functional-dependencies,"1"
constants,"1"
bundle,"1"
bundler,"1"
service,"1"
interaction,"1"
3g,"1"
servicepacks,"1"
windowsversion,"1"
kiosk,"1"
search,"1"
lucene.net,"1"
dtsearch,"1"
history,"1"
mfc,"1"
rss,"1"
models,"1"
profiling,"1"
metadata,"1"
data-warehouse,"1"
real-time-systems,"1"
perl,"1"
projects,"1"
function,"1"
sed,"1"
erd,"1"
model,"1"
ubuntu,"1"
arm,"1"
code-generation,"1"
dns,"1"
dsl,"1"
build,"1"
target,"1"
hci,"1"
process,"1"
multiple-monitors,"1"
quantify,"1"
cross-browser,"1"
nomenclature,"1"
jboss,"1"
iis,"1"
accessibility,"1"
printing,"1"
review,"1"
system-administration,"1"
projects-and-solutions,"1"
